{"cameraMode":{"drawMode":0,"name":"Shaded","section":"Shading Mode"},"sceneLighting":true,"audioPlay":false,"sceneViewState":{"m_AlwaysRefresh":false,"showFog":true,"showSkybox":true,"showFlares":true,"showImageEffects":true,"showParticleSystems":true,"showVisualEffectGraphs":true,"m_FxEnabled":true},"in2DMode":false,"pivot":{"x":0.3220672607421875,"y":0.08721160888671875,"z":0.9842000007629395},"rotation":{"x":-0.12355101108551026,"y":0.8438886404037476,"z":-0.2202594131231308,"w":-0.4733656942844391},"size":13.196447372436524,"orthographic":false}